filename,weight,filepath
BLF2081.jpg,280,/content/drive/My Drive/REGRESION_PESO/SELECCION_LIMPIO/BLF2081.jpg
BLF2138.jpg,213,/content/drive/My Drive/REGRESION_PESO/SELECCION_LIMPIO/BLF2138.jpg
BLF2057.jpg,205,/content/drive/My Drive/REGRESION_PESO/SELECCION_LIMPIO/BLF2057.jpg
BLF2140.jpg,244,/content/drive/My Drive/REGRESION_PESO/SELECCION_LIMPIO/BLF2140.jpg
BLF2120.jpg,220,/content/drive/My Drive/REGRESION_PESO/SELECCION_LIMPIO/BLF2120.jpg
BLF2635.jpg,257,/content/drive/My Drive/REGRESION_PESO/SELECCION_LIMPIO/BLF2635.jpg
BLF2228.jpg,207,/content/drive/My Drive/REGRESION_PESO/SELECCION_LIMPIO/BLF2228.jpg
BLF2139.jpg,234,/content/drive/My Drive/REGRESION_PESO/SELECCION_LIMPIO/BLF2139.jpg
BLF2233.jpg,205,/content/drive/My Drive/REGRESION_PESO/SELECCION_LIMPIO/BLF2233.jpg
BLF2512.jpg,457,/content/drive/My Drive/REGRESION_PESO/SELECCION_LIMPIO/BLF2512.jpg
BLF2068.jpg,200,/content/drive/My Drive/REGRESION_PESO/SELECCION_LIMPIO/BLF2068.jpg
BLF2171.jpg,268,/content/drive/My Drive/REGRESION_PESO/SELECCION_LIMPIO/BLF2171.jpg
BLF2084.jpg,217,/content/drive/My Drive/REGRESION_PESO/SELECCION_LIMPIO/BLF2084.jpg
BLF2678.jpg,698,/content/drive/My Drive/REGRESION_PESO/SELECCION_LIMPIO/BLF2678.jpg
BLF2333.jpg,207,/content/drive/My Drive/REGRESION_PESO/SELECCION_LIMPIO/BLF2333.jpg
BLF2126.jpg,245,/content/drive/My Drive/REGRESION_PESO/SELECCION_LIMPIO/BLF2126.jpg
BLF2613.jpg,280,/content/drive/My Drive/REGRESION_PESO/SELECCION_LIMPIO/BLF2613.jpg
BLF2192.jpg,244,/content/drive/My Drive/REGRESION_PESO/SELECCION_LIMPIO/BLF2192.jpg
BLF2677.jpg,380,/content/drive/My Drive/REGRESION_PESO/SELECCION_LIMPIO/BLF2677.jpg
BLF2286.jpg,208,/content/drive/My Drive/REGRESION_PESO/SELECCION_LIMPIO/BLF2286.jpg
BLF2109.jpg,205,/content/drive/My Drive/REGRESION_PESO/SELECCION_LIMPIO/BLF2109.jpg
BLF2166.jpg,282,/content/drive/My Drive/REGRESION_PESO/SELECCION_LIMPIO/BLF2166.jpg
BLF2238.jpg,189,/content/drive/My Drive/REGRESION_PESO/SELECCION_LIMPIO/BLF2238.jpg
BLF2622.jpg,281,/content/drive/My Drive/REGRESION_PESO/SELECCION_LIMPIO/BLF2622.jpg
BLF2111.jpg,291,/content/drive/My Drive/REGRESION_PESO/SELECCION_LIMPIO/BLF2111.jpg
BLF2328.jpg,251,/content/drive/My Drive/REGRESION_PESO/SELECCION_LIMPIO/BLF2328.jpg
BLF2522.jpg,487,/content/drive/My Drive/REGRESION_PESO/SELECCION_LIMPIO/BLF2522.jpg
BLF2502.jpg,816,/content/drive/My Drive/REGRESION_PESO/SELECCION_LIMPIO/BLF2502.jpg
BLF2583.jpg,219,/content/drive/My Drive/REGRESION_PESO/SELECCION_LIMPIO/BLF2583.jpg
BLF2634.jpg,207,/content/drive/My Drive/REGRESION_PESO/SELECCION_LIMPIO/BLF2634.jpg
BLF2659.jpg,248,/content/drive/My Drive/REGRESION_PESO/SELECCION_LIMPIO/BLF2659.jpg
BLF2650.jpg,207,/content/drive/My Drive/REGRESION_PESO/SELECCION_LIMPIO/BLF2650.jpg
BLF2320.jpg,215,/content/drive/My Drive/REGRESION_PESO/SELECCION_LIMPIO/BLF2320.jpg
BLF2580.jpg,243,/content/drive/My Drive/REGRESION_PESO/SELECCION_LIMPIO/BLF2580.jpg
BLF2627.jpg,210,/content/drive/My Drive/REGRESION_PESO/SELECCION_LIMPIO/BLF2627.jpg
BLF2206.jpg,299,/content/drive/My Drive/REGRESION_PESO/SELECCION_LIMPIO/BLF2206.jpg
BLF2641.jpg,270,/content/drive/My Drive/REGRESION_PESO/SELECCION_LIMPIO/BLF2641.jpg
BLF2119.jpg,235,/content/drive/My Drive/REGRESION_PESO/SELECCION_LIMPIO/BLF2119.jpg
BLF2642.jpg,297,/content/drive/My Drive/REGRESION_PESO/SELECCION_LIMPIO/BLF2642.jpg
BLF2639.jpg,288,/content/drive/My Drive/REGRESION_PESO/SELECCION_LIMPIO/BLF2639.jpg
BLF2208.jpg,222,/content/drive/My Drive/REGRESION_PESO/SELECCION_LIMPIO/BLF2208.jpg
BLF2147.jpg,266,/content/drive/My Drive/REGRESION_PESO/SELECCION_LIMPIO/BLF2147.jpg
BLF2273.jpg,208,/content/drive/My Drive/REGRESION_PESO/SELECCION_LIMPIO/BLF2273.jpg
BLF2507.jpg,340,/content/drive/My Drive/REGRESION_PESO/SELECCION_LIMPIO/BLF2507.jpg
BLF2029.jpg,225,/content/drive/My Drive/REGRESION_PESO/SELECCION_LIMPIO/BLF2029.jpg
BLF2637.jpg,274,/content/drive/My Drive/REGRESION_PESO/SELECCION_LIMPIO/BLF2637.jpg
BLF2035.jpg,242,/content/drive/My Drive/REGRESION_PESO/SELECCION_LIMPIO/BLF2035.jpg
BLF2185.jpg,279,/content/drive/My Drive/REGRESION_PESO/SELECCION_LIMPIO/BLF2185.jpg
BLF2191.jpg,220,/content/drive/My Drive/REGRESION_PESO/SELECCION_LIMPIO/BLF2191.jpg
BLF2263.jpg,225,/content/drive/My Drive/REGRESION_PESO/SELECCION_LIMPIO/BLF2263.jpg
BLF2097.jpg,213,/content/drive/My Drive/REGRESION_PESO/SELECCION_LIMPIO/BLF2097.jpg
BLF2179.jpg,283,/content/drive/My Drive/REGRESION_PESO/SELECCION_LIMPIO/BLF2179.jpg
BLF2261.jpg,224,/content/drive/My Drive/REGRESION_PESO/SELECCION_LIMPIO/BLF2261.jpg
BLF2287.jpg,176,/content/drive/My Drive/REGRESION_PESO/SELECCION_LIMPIO/BLF2287.jpg
BLF2515.jpg,438,/content/drive/My Drive/REGRESION_PESO/SELECCION_LIMPIO/BLF2515.jpg
BLF2601.jpg,273,/content/drive/My Drive/REGRESION_PESO/SELECCION_LIMPIO/BLF2601.jpg
BLF2066.jpg,185,/content/drive/My Drive/REGRESION_PESO/SELECCION_LIMPIO/BLF2066.jpg
BLF2104.jpg,181,/content/drive/My Drive/REGRESION_PESO/SELECCION_LIMPIO/BLF2104.jpg
BLF2554.jpg,254,/content/drive/My Drive/REGRESION_PESO/SELECCION_LIMPIO/BLF2554.jpg
BLF2114.jpg,246,/content/drive/My Drive/REGRESION_PESO/SELECCION_LIMPIO/BLF2114.jpg
BLF2269.jpg,250,/content/drive/My Drive/REGRESION_PESO/SELECCION_LIMPIO/BLF2269.jpg
BLF2638.jpg,210,/content/drive/My Drive/REGRESION_PESO/SELECCION_LIMPIO/BLF2638.jpg
BLF2044.jpg,255,/content/drive/My Drive/REGRESION_PESO/SELECCION_LIMPIO/BLF2044.jpg
BLF2180.jpg,260,/content/drive/My Drive/REGRESION_PESO/SELECCION_LIMPIO/BLF2180.jpg
BLF2284.jpg,164,/content/drive/My Drive/REGRESION_PESO/SELECCION_LIMPIO/BLF2284.jpg
BLF2017.jpg,210,/content/drive/My Drive/REGRESION_PESO/SELECCION_LIMPIO/BLF2017.jpg
BLF2164.jpg,239,/content/drive/My Drive/REGRESION_PESO/SELECCION_LIMPIO/BLF2164.jpg
BLF2088.jpg,271,/content/drive/My Drive/REGRESION_PESO/SELECCION_LIMPIO/BLF2088.jpg
BLF2312.jpg,176,/content/drive/My Drive/REGRESION_PESO/SELECCION_LIMPIO/BLF2312.jpg
BLF2609.jpg,286,/content/drive/My Drive/REGRESION_PESO/SELECCION_LIMPIO/BLF2609.jpg
BLF2309.jpg,246,/content/drive/My Drive/REGRESION_PESO/SELECCION_LIMPIO/BLF2309.jpg
BLF2260.jpg,206,/content/drive/My Drive/REGRESION_PESO/SELECCION_LIMPIO/BLF2260.jpg
BLF2011.jpg,245,/content/drive/My Drive/REGRESION_PESO/SELECCION_LIMPIO/BLF2011.jpg
BLF2616.jpg,246,/content/drive/My Drive/REGRESION_PESO/SELECCION_LIMPIO/BLF2616.jpg
BLF2295.jpg,199,/content/drive/My Drive/REGRESION_PESO/SELECCION_LIMPIO/BLF2295.jpg
BLF2146.jpg,289,/content/drive/My Drive/REGRESION_PESO/SELECCION_LIMPIO/BLF2146.jpg
BLF2176.jpg,229,/content/drive/My Drive/REGRESION_PESO/SELECCION_LIMPIO/BLF2176.jpg
BLF2137.jpg,239,/content/drive/My Drive/REGRESION_PESO/SELECCION_LIMPIO/BLF2137.jpg
BLF2555.jpg,226,/content/drive/My Drive/REGRESION_PESO/SELECCION_LIMPIO/BLF2555.jpg
BLF2294.jpg,154,/content/drive/My Drive/REGRESION_PESO/SELECCION_LIMPIO/BLF2294.jpg
BLF2259.jpg,251,/content/drive/My Drive/REGRESION_PESO/SELECCION_LIMPIO/BLF2259.jpg
BLF2052.jpg,216,/content/drive/My Drive/REGRESION_PESO/SELECCION_LIMPIO/BLF2052.jpg
BLF2652.jpg,223,/content/drive/My Drive/REGRESION_PESO/SELECCION_LIMPIO/BLF2652.jpg
BLF2240.jpg,217,/content/drive/My Drive/REGRESION_PESO/SELECCION_LIMPIO/BLF2240.jpg
BLF2531.jpg,380,/content/drive/My Drive/REGRESION_PESO/SELECCION_LIMPIO/BLF2531.jpg
BLF2300.jpg,197,/content/drive/My Drive/REGRESION_PESO/SELECCION_LIMPIO/BLF2300.jpg
BLF2124.jpg,283,/content/drive/My Drive/REGRESION_PESO/SELECCION_LIMPIO/BLF2124.jpg
BLF2590.jpg,270,/content/drive/My Drive/REGRESION_PESO/SELECCION_LIMPIO/BLF2590.jpg
BLF2560.jpg,423,/content/drive/My Drive/REGRESION_PESO/SELECCION_LIMPIO/BLF2560.jpg
BLF2663.jpg,206,/content/drive/My Drive/REGRESION_PESO/SELECCION_LIMPIO/BLF2663.jpg
BLF2030.jpg,205,/content/drive/My Drive/REGRESION_PESO/SELECCION_LIMPIO/BLF2030.jpg
BLF2576.jpg,230,/content/drive/My Drive/REGRESION_PESO/SELECCION_LIMPIO/BLF2576.jpg
BLF2672.jpg,232,/content/drive/My Drive/REGRESION_PESO/SELECCION_LIMPIO/BLF2672.jpg
BLF2561.jpg,289,/content/drive/My Drive/REGRESION_PESO/SELECCION_LIMPIO/BLF2561.jpg
BLF2167.jpg,242,/content/drive/My Drive/REGRESION_PESO/SELECCION_LIMPIO/BLF2167.jpg
BLF2552.jpg,412,/content/drive/My Drive/REGRESION_PESO/SELECCION_LIMPIO/BLF2552.jpg
BLF2277.jpg,210,/content/drive/My Drive/REGRESION_PESO/SELECCION_LIMPIO/BLF2277.jpg
BLF2298.jpg,218,/content/drive/My Drive/REGRESION_PESO/SELECCION_LIMPIO/BLF2298.jpg
BLF2308.jpg,204,/content/drive/My Drive/REGRESION_PESO/SELECCION_LIMPIO/BLF2308.jpg
BLF2154.jpg,220,/content/drive/My Drive/REGRESION_PESO/SELECCION_LIMPIO/BLF2154.jpg
BLF2159.jpg,225,/content/drive/My Drive/REGRESION_PESO/SELECCION_LIMPIO/BLF2159.jpg
BLF2529.jpg,293,/content/drive/My Drive/REGRESION_PESO/SELECCION_LIMPIO/BLF2529.jpg
BLF2660.jpg,215,/content/drive/My Drive/REGRESION_PESO/SELECCION_LIMPIO/BLF2660.jpg
BLF2657.jpg,152,/content/drive/My Drive/REGRESION_PESO/SELECCION_LIMPIO/BLF2657.jpg
BLF2325.jpg,230,/content/drive/My Drive/REGRESION_PESO/SELECCION_LIMPIO/BLF2325.jpg
BLF2072.jpg,281,/content/drive/My Drive/REGRESION_PESO/SELECCION_LIMPIO/BLF2072.jpg
BLF2063.jpg,286,/content/drive/My Drive/REGRESION_PESO/SELECCION_LIMPIO/BLF2063.jpg
BLF2546.jpg,419,/content/drive/My Drive/REGRESION_PESO/SELECCION_LIMPIO/BLF2546.jpg
BLF2106.jpg,277,/content/drive/My Drive/REGRESION_PESO/SELECCION_LIMPIO/BLF2106.jpg
BLF2632.jpg,226,/content/drive/My Drive/REGRESION_PESO/SELECCION_LIMPIO/BLF2632.jpg
BLF2549.jpg,459,/content/drive/My Drive/REGRESION_PESO/SELECCION_LIMPIO/BLF2549.jpg
BLF2178.jpg,246,/content/drive/My Drive/REGRESION_PESO/SELECCION_LIMPIO/BLF2178.jpg
BLF2028.jpg,245,/content/drive/My Drive/REGRESION_PESO/SELECCION_LIMPIO/BLF2028.jpg
BLF2598.jpg,199,/content/drive/My Drive/REGRESION_PESO/SELECCION_LIMPIO/BLF2598.jpg
BLF2514.jpg,278,/content/drive/My Drive/REGRESION_PESO/SELECCION_LIMPIO/BLF2514.jpg
BLF2558.jpg,272,/content/drive/My Drive/REGRESION_PESO/SELECCION_LIMPIO/BLF2558.jpg
BLF2150.jpg,223,/content/drive/My Drive/REGRESION_PESO/SELECCION_LIMPIO/BLF2150.jpg
BLF2573.jpg,250,/content/drive/My Drive/REGRESION_PESO/SELECCION_LIMPIO/BLF2573.jpg
BLF2604.jpg,186,/content/drive/My Drive/REGRESION_PESO/SELECCION_LIMPIO/BLF2604.jpg
BLF2152.jpg,220,/content/drive/My Drive/REGRESION_PESO/SELECCION_LIMPIO/BLF2152.jpg
BLF2224.jpg,194,/content/drive/My Drive/REGRESION_PESO/SELECCION_LIMPIO/BLF2224.jpg
BLF2316.jpg,191,/content/drive/My Drive/REGRESION_PESO/SELECCION_LIMPIO/BLF2316.jpg
BLF2170.jpg,239,/content/drive/My Drive/REGRESION_PESO/SELECCION_LIMPIO/BLF2170.jpg
BLF2065.jpg,216,/content/drive/My Drive/REGRESION_PESO/SELECCION_LIMPIO/BLF2065.jpg
BLF2655.jpg,251,/content/drive/My Drive/REGRESION_PESO/SELECCION_LIMPIO/BLF2655.jpg
BLF2037.jpg,200,/content/drive/My Drive/REGRESION_PESO/SELECCION_LIMPIO/BLF2037.jpg
BLF2212.jpg,210,/content/drive/My Drive/REGRESION_PESO/SELECCION_LIMPIO/BLF2212.jpg
BLF2016.jpg,185,/content/drive/My Drive/REGRESION_PESO/SELECCION_LIMPIO/BLF2016.jpg
BLF2624.jpg,208,/content/drive/My Drive/REGRESION_PESO/SELECCION_LIMPIO/BLF2624.jpg
BLF2220.jpg,216,/content/drive/My Drive/REGRESION_PESO/SELECCION_LIMPIO/BLF2220.jpg
BLF2327.jpg,224,/content/drive/My Drive/REGRESION_PESO/SELECCION_LIMPIO/BLF2327.jpg
BLF2200.jpg,217,/content/drive/My Drive/REGRESION_PESO/SELECCION_LIMPIO/BLF2200.jpg
BLF2572.jpg,254,/content/drive/My Drive/REGRESION_PESO/SELECCION_LIMPIO/BLF2572.jpg
BLF2619.jpg,203,/content/drive/My Drive/REGRESION_PESO/SELECCION_LIMPIO/BLF2619.jpg
BLF2055.jpg,240,/content/drive/My Drive/REGRESION_PESO/SELECCION_LIMPIO/BLF2055.jpg
BLF2135.jpg,263,/content/drive/My Drive/REGRESION_PESO/SELECCION_LIMPIO/BLF2135.jpg
BLF2648.jpg,235,/content/drive/My Drive/REGRESION_PESO/SELECCION_LIMPIO/BLF2648.jpg
BLF2314.jpg,260,/content/drive/My Drive/REGRESION_PESO/SELECCION_LIMPIO/BLF2314.jpg
BLF2163.jpg,282,/content/drive/My Drive/REGRESION_PESO/SELECCION_LIMPIO/BLF2163.jpg
BLF2541.jpg,466,/content/drive/My Drive/REGRESION_PESO/SELECCION_LIMPIO/BLF2541.jpg
BLF2157.jpg,205,/content/drive/My Drive/REGRESION_PESO/SELECCION_LIMPIO/BLF2157.jpg
BLF2059.jpg,213,/content/drive/My Drive/REGRESION_PESO/SELECCION_LIMPIO/BLF2059.jpg
BLF2307.jpg,264,/content/drive/My Drive/REGRESION_PESO/SELECCION_LIMPIO/BLF2307.jpg
BLF2544.jpg,378,/content/drive/My Drive/REGRESION_PESO/SELECCION_LIMPIO/BLF2544.jpg
BLF2131.jpg,212,/content/drive/My Drive/REGRESION_PESO/SELECCION_LIMPIO/BLF2131.jpg
BLF2060.jpg,220,/content/drive/My Drive/REGRESION_PESO/SELECCION_LIMPIO/BLF2060.jpg
BLF2039.jpg,210,/content/drive/My Drive/REGRESION_PESO/SELECCION_LIMPIO/BLF2039.jpg
BLF2646.jpg,230,/content/drive/My Drive/REGRESION_PESO/SELECCION_LIMPIO/BLF2646.jpg
BLF2113.jpg,230,/content/drive/My Drive/REGRESION_PESO/SELECCION_LIMPIO/BLF2113.jpg
BLF2021.jpg,211,/content/drive/My Drive/REGRESION_PESO/SELECCION_LIMPIO/BLF2021.jpg
BLF2654.jpg,255,/content/drive/My Drive/REGRESION_PESO/SELECCION_LIMPIO/BLF2654.jpg
BLF2187.jpg,254,/content/drive/My Drive/REGRESION_PESO/SELECCION_LIMPIO/BLF2187.jpg
BLF2234.jpg,197,/content/drive/My Drive/REGRESION_PESO/SELECCION_LIMPIO/BLF2234.jpg
BLF2315.jpg,191,/content/drive/My Drive/REGRESION_PESO/SELECCION_LIMPIO/BLF2315.jpg
BLF2143.jpg,170,/content/drive/My Drive/REGRESION_PESO/SELECCION_LIMPIO/BLF2143.jpg
BLF2214.jpg,252,/content/drive/My Drive/REGRESION_PESO/SELECCION_LIMPIO/BLF2214.jpg
BLF2658.jpg,197,/content/drive/My Drive/REGRESION_PESO/SELECCION_LIMPIO/BLF2658.jpg
BLF2305.jpg,221,/content/drive/My Drive/REGRESION_PESO/SELECCION_LIMPIO/BLF2305.jpg
BLF2304.jpg,230,/content/drive/My Drive/REGRESION_PESO/SELECCION_LIMPIO/BLF2304.jpg
BLF2134.jpg,217,/content/drive/My Drive/REGRESION_PESO/SELECCION_LIMPIO/BLF2134.jpg
BLF2042.jpg,345,/content/drive/My Drive/REGRESION_PESO/SELECCION_LIMPIO/BLF2042.jpg
BLF2268.jpg,224,/content/drive/My Drive/REGRESION_PESO/SELECCION_LIMPIO/BLF2268.jpg
BLF2310.jpg,224,/content/drive/My Drive/REGRESION_PESO/SELECCION_LIMPIO/BLF2310.jpg
BLF2274.jpg,235,/content/drive/My Drive/REGRESION_PESO/SELECCION_LIMPIO/BLF2274.jpg
BLF2567.jpg,216,/content/drive/My Drive/REGRESION_PESO/SELECCION_LIMPIO/BLF2567.jpg
BLF2559.jpg,310,/content/drive/My Drive/REGRESION_PESO/SELECCION_LIMPIO/BLF2559.jpg
BLF2631.jpg,231,/content/drive/My Drive/REGRESION_PESO/SELECCION_LIMPIO/BLF2631.jpg
BLF2051.jpg,275,/content/drive/My Drive/REGRESION_PESO/SELECCION_LIMPIO/BLF2051.jpg
BLF2043.jpg,282,/content/drive/My Drive/REGRESION_PESO/SELECCION_LIMPIO/BLF2043.jpg
BLF2319.jpg,227,/content/drive/My Drive/REGRESION_PESO/SELECCION_LIMPIO/BLF2319.jpg
BLF2596.jpg,203,/content/drive/My Drive/REGRESION_PESO/SELECCION_LIMPIO/BLF2596.jpg
BLF2585.jpg,234,/content/drive/My Drive/REGRESION_PESO/SELECCION_LIMPIO/BLF2585.jpg
BLF2589.jpg,223,/content/drive/My Drive/REGRESION_PESO/SELECCION_LIMPIO/BLF2589.jpg
BLF2608.jpg,282,/content/drive/My Drive/REGRESION_PESO/SELECCION_LIMPIO/BLF2608.jpg
BLF2254.jpg,222,/content/drive/My Drive/REGRESION_PESO/SELECCION_LIMPIO/BLF2254.jpg
BLF2548.jpg,444,/content/drive/My Drive/REGRESION_PESO/SELECCION_LIMPIO/BLF2548.jpg
BLF2186.jpg,245,/content/drive/My Drive/REGRESION_PESO/SELECCION_LIMPIO/BLF2186.jpg
BLF2022.jpg,240,/content/drive/My Drive/REGRESION_PESO/SELECCION_LIMPIO/BLF2022.jpg
BLF2061.jpg,288,/content/drive/My Drive/REGRESION_PESO/SELECCION_LIMPIO/BLF2061.jpg
BLF2545.jpg,497,/content/drive/My Drive/REGRESION_PESO/SELECCION_LIMPIO/BLF2545.jpg
BLF2222.jpg,232,/content/drive/My Drive/REGRESION_PESO/SELECCION_LIMPIO/BLF2222.jpg
BLF2130.jpg,285,/content/drive/My Drive/REGRESION_PESO/SELECCION_LIMPIO/BLF2130.jpg
BLF2569.jpg,276,/content/drive/My Drive/REGRESION_PESO/SELECCION_LIMPIO/BLF2569.jpg
BLF2204.jpg,201,/content/drive/My Drive/REGRESION_PESO/SELECCION_LIMPIO/BLF2204.jpg
BLF2032.jpg,250,/content/drive/My Drive/REGRESION_PESO/SELECCION_LIMPIO/BLF2032.jpg
BLF2534.jpg,390,/content/drive/My Drive/REGRESION_PESO/SELECCION_LIMPIO/BLF2534.jpg
BLF2525.jpg,297,/content/drive/My Drive/REGRESION_PESO/SELECCION_LIMPIO/BLF2525.jpg
BLF2520.jpg,378,/content/drive/My Drive/REGRESION_PESO/SELECCION_LIMPIO/BLF2520.jpg
BLF2054.jpg,273,/content/drive/My Drive/REGRESION_PESO/SELECCION_LIMPIO/BLF2054.jpg
BLF2582.jpg,222,/content/drive/My Drive/REGRESION_PESO/SELECCION_LIMPIO/BLF2582.jpg
BLF2108.jpg,250,/content/drive/My Drive/REGRESION_PESO/SELECCION_LIMPIO/BLF2108.jpg
BLF2169.jpg,200,/content/drive/My Drive/REGRESION_PESO/SELECCION_LIMPIO/BLF2169.jpg
BLF2024.jpg,230,/content/drive/My Drive/REGRESION_PESO/SELECCION_LIMPIO/BLF2024.jpg
BLF2575.jpg,211,/content/drive/My Drive/REGRESION_PESO/SELECCION_LIMPIO/BLF2575.jpg
BLF2237.jpg,203,/content/drive/My Drive/REGRESION_PESO/SELECCION_LIMPIO/BLF2237.jpg
BLF2667.jpg,242,/content/drive/My Drive/REGRESION_PESO/SELECCION_LIMPIO/BLF2667.jpg
BLF2306.jpg,285,/content/drive/My Drive/REGRESION_PESO/SELECCION_LIMPIO/BLF2306.jpg
BLF2267.jpg,222,/content/drive/My Drive/REGRESION_PESO/SELECCION_LIMPIO/BLF2267.jpg
BLF2162.jpg,245,/content/drive/My Drive/REGRESION_PESO/SELECCION_LIMPIO/BLF2162.jpg
BLF2318.jpg,161,/content/drive/My Drive/REGRESION_PESO/SELECCION_LIMPIO/BLF2318.jpg
BLF2602.jpg,315,/content/drive/My Drive/REGRESION_PESO/SELECCION_LIMPIO/BLF2602.jpg
BLF2255.jpg,261,/content/drive/My Drive/REGRESION_PESO/SELECCION_LIMPIO/BLF2255.jpg
BLF2535.jpg,390,/content/drive/My Drive/REGRESION_PESO/SELECCION_LIMPIO/BLF2535.jpg
BLF2666.jpg,240,/content/drive/My Drive/REGRESION_PESO/SELECCION_LIMPIO/BLF2666.jpg
BLF2005.jpg,205,/content/drive/My Drive/REGRESION_PESO/SELECCION_LIMPIO/BLF2005.jpg
BLF2190.jpg,269,/content/drive/My Drive/REGRESION_PESO/SELECCION_LIMPIO/BLF2190.jpg
BLF2256.jpg,229,/content/drive/My Drive/REGRESION_PESO/SELECCION_LIMPIO/BLF2256.jpg
BLF2045.jpg,225,/content/drive/My Drive/REGRESION_PESO/SELECCION_LIMPIO/BLF2045.jpg
BLF2089.jpg,275,/content/drive/My Drive/REGRESION_PESO/SELECCION_LIMPIO/BLF2089.jpg
BLF2121.jpg,236,/content/drive/My Drive/REGRESION_PESO/SELECCION_LIMPIO/BLF2121.jpg
BLF2123.jpg,300,/content/drive/My Drive/REGRESION_PESO/SELECCION_LIMPIO/BLF2123.jpg
BLF2246.jpg,228,/content/drive/My Drive/REGRESION_PESO/SELECCION_LIMPIO/BLF2246.jpg
BLF2301.jpg,218,/content/drive/My Drive/REGRESION_PESO/SELECCION_LIMPIO/BLF2301.jpg
BLF2225.jpg,244,/content/drive/My Drive/REGRESION_PESO/SELECCION_LIMPIO/BLF2225.jpg
BLF2630.jpg,359,/content/drive/My Drive/REGRESION_PESO/SELECCION_LIMPIO/BLF2630.jpg
BLF2565.jpg,234,/content/drive/My Drive/REGRESION_PESO/SELECCION_LIMPIO/BLF2565.jpg
BLF2317.jpg,182,/content/drive/My Drive/REGRESION_PESO/SELECCION_LIMPIO/BLF2317.jpg
BLF2216.jpg,232,/content/drive/My Drive/REGRESION_PESO/SELECCION_LIMPIO/BLF2216.jpg
BLF2521.jpg,407,/content/drive/My Drive/REGRESION_PESO/SELECCION_LIMPIO/BLF2521.jpg
BLF2175.jpg,208,/content/drive/My Drive/REGRESION_PESO/SELECCION_LIMPIO/BLF2175.jpg
BLF2026.jpg,210,/content/drive/My Drive/REGRESION_PESO/SELECCION_LIMPIO/BLF2026.jpg
BLF2218.jpg,219,/content/drive/My Drive/REGRESION_PESO/SELECCION_LIMPIO/BLF2218.jpg
BLF2086.jpg,223,/content/drive/My Drive/REGRESION_PESO/SELECCION_LIMPIO/BLF2086.jpg
BLF2227.jpg,245,/content/drive/My Drive/REGRESION_PESO/SELECCION_LIMPIO/BLF2227.jpg
BLF2009.jpg,226,/content/drive/My Drive/REGRESION_PESO/SELECCION_LIMPIO/BLF2009.jpg
BLF2292.jpg,162,/content/drive/My Drive/REGRESION_PESO/SELECCION_LIMPIO/BLF2292.jpg
BLF2671.jpg,219,/content/drive/My Drive/REGRESION_PESO/SELECCION_LIMPIO/BLF2671.jpg
BLF2090.jpg,263,/content/drive/My Drive/REGRESION_PESO/SELECCION_LIMPIO/BLF2090.jpg
BLF2004.jpg,202,/content/drive/My Drive/REGRESION_PESO/SELECCION_LIMPIO/BLF2004.jpg
BLF2291.jpg,160,/content/drive/My Drive/REGRESION_PESO/SELECCION_LIMPIO/BLF2291.jpg
BLF2279.jpg,231,/content/drive/My Drive/REGRESION_PESO/SELECCION_LIMPIO/BLF2279.jpg
BLF2087.jpg,287,/content/drive/My Drive/REGRESION_PESO/SELECCION_LIMPIO/BLF2087.jpg
BLF2651.jpg,192,/content/drive/My Drive/REGRESION_PESO/SELECCION_LIMPIO/BLF2651.jpg
BLF2280.jpg,183,/content/drive/My Drive/REGRESION_PESO/SELECCION_LIMPIO/BLF2280.jpg
BLF2562.jpg,230,/content/drive/My Drive/REGRESION_PESO/SELECCION_LIMPIO/BLF2562.jpg
BLF2199.jpg,229,/content/drive/My Drive/REGRESION_PESO/SELECCION_LIMPIO/BLF2199.jpg
BLF2058.jpg,220,/content/drive/My Drive/REGRESION_PESO/SELECCION_LIMPIO/BLF2058.jpg
BLF2253.jpg,268,/content/drive/My Drive/REGRESION_PESO/SELECCION_LIMPIO/BLF2253.jpg
BLF2050.jpg,255,/content/drive/My Drive/REGRESION_PESO/SELECCION_LIMPIO/BLF2050.jpg
BLF2579.jpg,202,/content/drive/My Drive/REGRESION_PESO/SELECCION_LIMPIO/BLF2579.jpg
BLF2547.jpg,444,/content/drive/My Drive/REGRESION_PESO/SELECCION_LIMPIO/BLF2547.jpg
BLF2329.jpg,198,/content/drive/My Drive/REGRESION_PESO/SELECCION_LIMPIO/BLF2329.jpg
BLF2036.jpg,230,/content/drive/My Drive/REGRESION_PESO/SELECCION_LIMPIO/BLF2036.jpg
BLF2165.jpg,250,/content/drive/My Drive/REGRESION_PESO/SELECCION_LIMPIO/BLF2165.jpg
BLF2116.jpg,263,/content/drive/My Drive/REGRESION_PESO/SELECCION_LIMPIO/BLF2116.jpg
BLF2041.jpg,220,/content/drive/My Drive/REGRESION_PESO/SELECCION_LIMPIO/BLF2041.jpg
BLF2513.jpg,415,/content/drive/My Drive/REGRESION_PESO/SELECCION_LIMPIO/BLF2513.jpg
BLF2564.jpg,192,/content/drive/My Drive/REGRESION_PESO/SELECCION_LIMPIO/BLF2564.jpg
BLF2122.jpg,247,/content/drive/My Drive/REGRESION_PESO/SELECCION_LIMPIO/BLF2122.jpg
BLF2332.jpg,150,/content/drive/My Drive/REGRESION_PESO/SELECCION_LIMPIO/BLF2332.jpg
BLF2506.jpg,430,/content/drive/My Drive/REGRESION_PESO/SELECCION_LIMPIO/BLF2506.jpg
BLF2048.jpg,285,/content/drive/My Drive/REGRESION_PESO/SELECCION_LIMPIO/BLF2048.jpg
BLF2505.jpg,375,/content/drive/My Drive/REGRESION_PESO/SELECCION_LIMPIO/BLF2505.jpg
BLF2313.jpg,202,/content/drive/My Drive/REGRESION_PESO/SELECCION_LIMPIO/BLF2313.jpg
BLF2018.jpg,200,/content/drive/My Drive/REGRESION_PESO/SELECCION_LIMPIO/BLF2018.jpg
BLF2607.jpg,348,/content/drive/My Drive/REGRESION_PESO/SELECCION_LIMPIO/BLF2607.jpg
BLF2553.jpg,376,/content/drive/My Drive/REGRESION_PESO/SELECCION_LIMPIO/BLF2553.jpg
BLF2252.jpg,246,/content/drive/My Drive/REGRESION_PESO/SELECCION_LIMPIO/BLF2252.jpg
BLF2101.jpg,238,/content/drive/My Drive/REGRESION_PESO/SELECCION_LIMPIO/BLF2101.jpg
BLF2153.jpg,275,/content/drive/My Drive/REGRESION_PESO/SELECCION_LIMPIO/BLF2153.jpg
BLF2266.jpg,257,/content/drive/My Drive/REGRESION_PESO/SELECCION_LIMPIO/BLF2266.jpg
BLF2518.jpg,330,/content/drive/My Drive/REGRESION_PESO/SELECCION_LIMPIO/BLF2518.jpg
BLF2665.jpg,226,/content/drive/My Drive/REGRESION_PESO/SELECCION_LIMPIO/BLF2665.jpg
BLF2115.jpg,280,/content/drive/My Drive/REGRESION_PESO/SELECCION_LIMPIO/BLF2115.jpg
BLF2625.jpg,205,/content/drive/My Drive/REGRESION_PESO/SELECCION_LIMPIO/BLF2625.jpg
BLF2335.jpg,155,/content/drive/My Drive/REGRESION_PESO/SELECCION_LIMPIO/BLF2335.jpg
BLF2605.jpg,254,/content/drive/My Drive/REGRESION_PESO/SELECCION_LIMPIO/BLF2605.jpg
BLF2142.jpg,211,/content/drive/My Drive/REGRESION_PESO/SELECCION_LIMPIO/BLF2142.jpg
BLF2508.jpg,315,/content/drive/My Drive/REGRESION_PESO/SELECCION_LIMPIO/BLF2508.jpg
BLF2232.jpg,214,/content/drive/My Drive/REGRESION_PESO/SELECCION_LIMPIO/BLF2232.jpg
BLF2014.jpg,185,/content/drive/My Drive/REGRESION_PESO/SELECCION_LIMPIO/BLF2014.jpg
BLF2172.jpg,200,/content/drive/My Drive/REGRESION_PESO/SELECCION_LIMPIO/BLF2172.jpg
BLF2676.jpg,415,/content/drive/My Drive/REGRESION_PESO/SELECCION_LIMPIO/BLF2676.jpg
BLF2275.jpg,231,/content/drive/My Drive/REGRESION_PESO/SELECCION_LIMPIO/BLF2275.jpg
BLF2202.jpg,209,/content/drive/My Drive/REGRESION_PESO/SELECCION_LIMPIO/BLF2202.jpg
BLF2322.jpg,178,/content/drive/My Drive/REGRESION_PESO/SELECCION_LIMPIO/BLF2322.jpg
BLF2201.jpg,257,/content/drive/My Drive/REGRESION_PESO/SELECCION_LIMPIO/BLF2201.jpg
BLF2144.jpg,222,/content/drive/My Drive/REGRESION_PESO/SELECCION_LIMPIO/BLF2144.jpg
BLF2661.jpg,249,/content/drive/My Drive/REGRESION_PESO/SELECCION_LIMPIO/BLF2661.jpg
BLF2189.jpg,260,/content/drive/My Drive/REGRESION_PESO/SELECCION_LIMPIO/BLF2189.jpg
BLF2290.jpg,186,/content/drive/My Drive/REGRESION_PESO/SELECCION_LIMPIO/BLF2290.jpg
BLF2213.jpg,194,/content/drive/My Drive/REGRESION_PESO/SELECCION_LIMPIO/BLF2213.jpg
BLF2100.jpg,208,/content/drive/My Drive/REGRESION_PESO/SELECCION_LIMPIO/BLF2100.jpg
BLF2570.jpg,258,/content/drive/My Drive/REGRESION_PESO/SELECCION_LIMPIO/BLF2570.jpg
BLF2096.jpg,190,/content/drive/My Drive/REGRESION_PESO/SELECCION_LIMPIO/BLF2096.jpg
BLF2209.jpg,262,/content/drive/My Drive/REGRESION_PESO/SELECCION_LIMPIO/BLF2209.jpg
BLF2614.jpg,372,/content/drive/My Drive/REGRESION_PESO/SELECCION_LIMPIO/BLF2614.jpg
BLF2523.jpg,280,/content/drive/My Drive/REGRESION_PESO/SELECCION_LIMPIO/BLF2523.jpg
BLF2247.jpg,200,/content/drive/My Drive/REGRESION_PESO/SELECCION_LIMPIO/BLF2247.jpg
BLF2503.jpg,606,/content/drive/My Drive/REGRESION_PESO/SELECCION_LIMPIO/BLF2503.jpg
BLF2517.jpg,247,/content/drive/My Drive/REGRESION_PESO/SELECCION_LIMPIO/BLF2517.jpg
BLF2597.jpg,263,/content/drive/My Drive/REGRESION_PESO/SELECCION_LIMPIO/BLF2597.jpg
BLF2098.jpg,257,/content/drive/My Drive/REGRESION_PESO/SELECCION_LIMPIO/BLF2098.jpg
BLF2563.jpg,206,/content/drive/My Drive/REGRESION_PESO/SELECCION_LIMPIO/BLF2563.jpg
BLF2095.jpg,252,/content/drive/My Drive/REGRESION_PESO/SELECCION_LIMPIO/BLF2095.jpg
BLF2242.jpg,224,/content/drive/My Drive/REGRESION_PESO/SELECCION_LIMPIO/BLF2242.jpg
BLF2013.jpg,255,/content/drive/My Drive/REGRESION_PESO/SELECCION_LIMPIO/BLF2013.jpg
BLF2207.jpg,261,/content/drive/My Drive/REGRESION_PESO/SELECCION_LIMPIO/BLF2207.jpg
BLF2239.jpg,245,/content/drive/My Drive/REGRESION_PESO/SELECCION_LIMPIO/BLF2239.jpg
BLF2519.jpg,545,/content/drive/My Drive/REGRESION_PESO/SELECCION_LIMPIO/BLF2519.jpg
BLF2148.jpg,283,/content/drive/My Drive/REGRESION_PESO/SELECCION_LIMPIO/BLF2148.jpg
BLF2566.jpg,188,/content/drive/My Drive/REGRESION_PESO/SELECCION_LIMPIO/BLF2566.jpg
BLF2578.jpg,220,/content/drive/My Drive/REGRESION_PESO/SELECCION_LIMPIO/BLF2578.jpg
BLF2258.jpg,242,/content/drive/My Drive/REGRESION_PESO/SELECCION_LIMPIO/BLF2258.jpg
BLF2015.jpg,200,/content/drive/My Drive/REGRESION_PESO/SELECCION_LIMPIO/BLF2015.jpg
BLF2265.jpg,226,/content/drive/My Drive/REGRESION_PESO/SELECCION_LIMPIO/BLF2265.jpg
BLF2257.jpg,238,/content/drive/My Drive/REGRESION_PESO/SELECCION_LIMPIO/BLF2257.jpg
BLF2668.jpg,273,/content/drive/My Drive/REGRESION_PESO/SELECCION_LIMPIO/BLF2668.jpg
BLF2288.jpg,174,/content/drive/My Drive/REGRESION_PESO/SELECCION_LIMPIO/BLF2288.jpg
BLF2197.jpg,227,/content/drive/My Drive/REGRESION_PESO/SELECCION_LIMPIO/BLF2197.jpg
BLF2557.jpg,195,/content/drive/My Drive/REGRESION_PESO/SELECCION_LIMPIO/BLF2557.jpg
BLF2532.jpg,365,/content/drive/My Drive/REGRESION_PESO/SELECCION_LIMPIO/BLF2532.jpg
BLF2194.jpg,196,/content/drive/My Drive/REGRESION_PESO/SELECCION_LIMPIO/BLF2194.jpg
BLF2236.jpg,199,/content/drive/My Drive/REGRESION_PESO/SELECCION_LIMPIO/BLF2236.jpg
BLF2205.jpg,227,/content/drive/My Drive/REGRESION_PESO/SELECCION_LIMPIO/BLF2205.jpg
BLF2588.jpg,233,/content/drive/My Drive/REGRESION_PESO/SELECCION_LIMPIO/BLF2588.jpg
BLF2524.jpg,297,/content/drive/My Drive/REGRESION_PESO/SELECCION_LIMPIO/BLF2524.jpg
BLF2593.jpg,210,/content/drive/My Drive/REGRESION_PESO/SELECCION_LIMPIO/BLF2593.jpg
BLF2103.jpg,195,/content/drive/My Drive/REGRESION_PESO/SELECCION_LIMPIO/BLF2103.jpg
BLF2669.jpg,235,/content/drive/My Drive/REGRESION_PESO/SELECCION_LIMPIO/BLF2669.jpg
BLF2653.jpg,307,/content/drive/My Drive/REGRESION_PESO/SELECCION_LIMPIO/BLF2653.jpg
BLF2633.jpg,217,/content/drive/My Drive/REGRESION_PESO/SELECCION_LIMPIO/BLF2633.jpg
BLF2229.jpg,246,/content/drive/My Drive/REGRESION_PESO/SELECCION_LIMPIO/BLF2229.jpg
BLF2033.jpg,160,/content/drive/My Drive/REGRESION_PESO/SELECCION_LIMPIO/BLF2033.jpg
BLF2556.jpg,381,/content/drive/My Drive/REGRESION_PESO/SELECCION_LIMPIO/BLF2556.jpg
BLF2656.jpg,209,/content/drive/My Drive/REGRESION_PESO/SELECCION_LIMPIO/BLF2656.jpg
